{"cameraMode":{"drawMode":0,"name":"Shaded","section":"Shading Mode"},"sceneLighting":true,"audioPlay":false,"sceneViewState":{"showFog":true,"showMaterialUpdate":false,"showSkybox":true,"showFlares":true,"showImageEffects":true,"showParticleSystems":true},"in2DMode":false,"pivot":{"x":593.260498046875,"y":279.173583984375,"z":1.745635986328125},"rotation":{"x":-0.013808623887598515,"y":0.00809645839035511,"z":-0.00011174764949828386,"w":-0.9998725652694702},"size":574.5066528320313,"orthographic":false}