{"cameraMode":{"drawMode":0,"name":"Shaded","section":"Shading Mode"},"sceneLighting":false,"audioPlay":false,"sceneViewState":{"showFog":true,"showMaterialUpdate":false,"showSkybox":true,"showFlares":true,"showImageEffects":true,"showParticleSystems":true},"in2DMode":false,"pivot":{"x":5.0,"y":-1.543752670288086,"z":-4.500005722045898},"rotation":{"x":0.0641443133354187,"y":-0.008385363034904004,"z":-0.0005390123114921153,"w":-0.9979072213172913},"size":6.393183708190918,"orthographic":true}