{"cameraMode":{"drawMode":0,"name":"Shaded","section":"Shading Mode"},"sceneLighting":false,"audioPlay":false,"sceneViewState":{"showFog":true,"showMaterialUpdate":false,"showSkybox":true,"showFlares":true,"showImageEffects":true,"showParticleSystems":true},"in2DMode":false,"pivot":{"x":572.499755859375,"y":296.5017395019531,"z":0.0},"rotation":{"x":0.014869368635118008,"y":0.13160328567028047,"z":-0.0019732003565877678,"w":0.9911960959434509},"size":565.3353881835938,"orthographic":true}