{"cameraMode":{"drawMode":0,"name":"Shaded","section":"Shading Mode"},"sceneLighting":true,"audioPlay":false,"sceneViewState":{"showFog":true,"showMaterialUpdate":false,"showSkybox":true,"showFlares":true,"showImageEffects":true,"showParticleSystems":true},"in2DMode":false,"pivot":{"x":419.9582214355469,"y":436.66180419921877,"z":-37.74237823486328},"rotation":{"x":0.014869368635118008,"y":0.13160328567028047,"z":-0.0019732003565877678,"w":0.9911960959434509},"size":1198.556396484375,"orthographic":true}