{"cameraMode":{"drawMode":0,"name":"Shaded","section":"Shading Mode"},"sceneLighting":false,"audioPlay":false,"sceneViewState":{"showFog":true,"showMaterialUpdate":false,"showSkybox":true,"showFlares":true,"showImageEffects":true,"showParticleSystems":true},"in2DMode":false,"pivot":{"x":444.32977294921877,"y":-117.21806335449219,"z":53.2086181640625},"rotation":{"x":0.03779358044266701,"y":0.019794657826423646,"z":-0.0007489320705644786,"w":0.9990896582603455},"size":1524.3543701171875,"orthographic":false}